scene,controller_a,controller_b,n_complete_pairs,mean_a_minus_b,wilcoxon_stat,wilcoxon_p,wilcoxon_bh,wilcoxon_holm,a_only_complete,b_only_complete,mcnemar_exact_p
R1-G01,Vis-Poly,S2C,92,2.643270,28.0,5.114526e-15,6.137431e-14,6.137431e-14,0,8,0.007812
R1-G01,Vis-Poly,P2R,92,1.394889,443.0,3.615397e-09,8.676954e-09,2.169238e-08,0,8,0.007812
R1-G01,S2C,P2R,100,-1.272303,402.0,2.746103e-13,1.647662e-12,3.020714e-12,0,0,1.000000
R1-G02,Vis-Poly,S2C,96,0.680007,1209.0,1.190087e-04,4.760347e-04,1.428104e-03,3,1,0.625000
R1-G02,Vis-Poly,P2R,99,-0.180418,2124.0,4.112169e-01,4.934603e-01,9.046772e-01,0,1,1.000000
R1-G02,S2C,P2R,97,-0.834205,1264.0,1.346417e-04,5.385669e-04,1.795223e-03,0,3,0.250000
R1-G03,Vis-Poly,S2C,80,-1.004496,855.0,7.875523e-04,2.700179e-03,9.450625e-03,14,6,0.115318
R1-G03,Vis-Poly,P2R,76,-0.741675,910.0,1.848266e-02,2.772399e-02,9.795379e-02,18,5,0.010622
R1-G03,S2C,P2R,67,0.161816,1044.0,8.159419e-01,8.159419e-01,9.046772e-01,19,14,0.486850
R1-G04,Vis-Poly,S2C,94,0.572369,1641.0,2.310333e-02,2.772399e-02,9.795379e-02,5,1,0.218750
R1-G04,Vis-Poly,P2R,99,-0.209762,2152.0,2.872083e-01,3.446500e-01,8.616251e-01,0,1,1.000000
R1-G04,S2C,P2R,95,-0.725521,1290.0,6.924310e-04,2.769724e-03,9.694033e-03,0,5,0.062500
