asset_id,paper,asset_type,title_or_role,status,source_path,source_commit,review_gate,claim_scope
PA-001,P2,algorithm,Vis-Poly clean-room controller primitives,validated,benchmarks/redirected_walking/vispoly_controller.py,a51d11a6d3c148f14dd5d34e7c104b02c9d0d2b4,N01 re-review,"method description; not numerical replication"
PA-002,P2,algorithm,ARC reset selector,validated,benchmarks/redirected_walking/arc_reset.py,dea11589d63c95e801e32fa36094006cd5cf9f67,N01 re-review,"reset method description"
PA-003,P2,algorithm,RDW motion semantics,validated,benchmarks/redirected_walking/rdw_motion.py,57ceddbe2e6800fa4999c9e7e538de8b2a65addc,N01 re-review,"implementation convention; replication boundary retained"
PA-004,P2,data,Published Vis-Poly protocol ledger,validated,data/G03_VISPOLY_PUBLISHED_PROTOCOL.csv,e818ee0d269e817ff1b64efea7ad44d457eb2400,N01,"parameter evidence"
PA-005,P2,data,Published static environment coordinates,awaiting_final_CI,data/G03_VISPOLY_PUBLISHED_ENVIRONMENTS.csv,31c99ea7d7fc184e0223c75ff3054df69a516507,N01,"published-condition geometry"
PA-006,P2,results,R1 geometry sensitivity results,pending,, ,N02,"no claim until frozen"
PA-007,P2,table,Controller x geometry comparison,pending,, ,N06-N08,"core comparative result"
PA-008,P2,figure,Controller ranking stability or crossover,pending,, ,N07-N08,"core comparative result"
PA-009,P2,table,Computational cost,pending,, ,N09,"efficiency result"
PA-010,P2,decision,C4 gap decision,pending,, ,N10,"novelty gate"
PA-011,P3,algorithm,Novel method specification,conditional,, ,N11,"only if C4 passes"
PA-012,P3,table,Novel method ablation and robustness,conditional,, ,N12,"only if C4 passes"
PA-013,P1,table,Cross-workstream evidence synthesis,pending,, ,N13-N14,"review result"
PA-014,P1,figure,Contradiction and reproducibility map,pending,, ,N14,"review result"
