analysis_id,analysis_file,key_commit,paper_use,purpose,writing_boundary
A01,analysis/G01_PRELIMINARY_FINDINGS.md,,P1,"comparison confounding; measurement fragmentation; review silos","verify supporting studies"
A02,analysis/G02_TECHNICAL_LANDSCAPE_PASS1.md,,P1/P2,"technical prioritization; RDW selected","internal selection rationale"
A03,analysis/G02_PASS2_READINESS.md,,P2,"RDW gap readiness","not C4"
A04,analysis/G03_CONTROLLER_RESOLUTION_PASS1.md,7df4587,P2,"verified controller families and strata","usable"
A05,analysis/G03_METHOD_EXTRACTION_PASS2A.md,1c7f3bf,P2,"Vis-Poly method decomposition","usable"
A06,analysis/G03_VISPOLY_REPRODUCTION_GATE_PASS2B.md,a832809,P2,"gain-selection reproduction gate","historical gate"
A07,analysis/G03_ARC_RESET_GATE_PASS2C.md,f29c8d7,P2,"ARC reset selector gate","endpoint caveat"
A08,analysis/G03_GEOMETRY_GATE_PASS3A.md,316946b,P2,"geometry validation","support layer not exact author implementation"
A09,analysis/G03_VISPOLY_COMPONENT_GATE_PASS3B.md,95573d5,P2,"component validation","not performance replication"
A10,analysis/G03_MOTION_SEMANTICS_GATE_PASS3C.md,4672f8b,P2/P3,"pose semantics and novelty boundary","explicit convention"
A11,analysis/G03_VISPOLY_E2E_GATE_PASS4A.md,2decd26,P2,"end-to-end integration","not performance reproduction"
A12,analysis/G03_TRAJECTORY_RESET_GATE_PASS4B.md,db67a88,P2,"trajectory/reset continuation","intermediate reset animation excluded"
A13,analysis/G03_BATCH_EXPERIMENT_GATE_PASS5A.md,f313d8f,P2,"seeded batch harness","engineering stress scene only"
A14,analysis/G03_PUBLISHED_CONDITION_RECONSTRUCTION_PASS5B.md,702ef7e,P2,"published-condition reconstruction","R1 only; exact geometry/path unresolved"
A15,analysis/G03_R1_GEOMETRY_SENSITIVITY_PASS5C.md,79f6b5b,P2/P3,"paired geometry-sensitivity design","results not yet frozen"
