sequence,status,task,gate,next_output
N01,PASS,Pre-R1 semantic correctness audit + adversarial reviewer gate,BLOCKER,frozen: run 37263870923; 46 tests passed
N02,PASS,Navigation-aware R1 short gate after reviewer PASS,BLOCKER,frozen run 37266460103; 40/40 complete; zero failures; proceed to N02-FULL 100x~350m
N02-FULL,CORRECTED,100 paired seeds x 4 scenes x ~350m; original raw artifact authoritative,CORE RESULT,run 37268780131; Vis-Poly 384/400 complete after N07 forensic correction; supersedes earlier 400/400 summary
N03,PASS,Analyze full R1 results,REQUIRED,paired geometry effects frozen; Table N03 + Figure N03 source/spec registered
N04,QUALIFIED_PASS,S2C full comparator,CORE RESULT,run 37323011397; 378/400 complete; failures retained; G03 crossover signal survives; N05 next
N05,PASS,Faithful comparator-set construction,COMPLETE,Vis-Poly S2C P2R executable; APF-S2T primary equations extracted but numerical admission blocked on unresolved discretization
N06,CORRECTED,Three-controller paired benchmark matrix,COMPLETE,Raw workflow correction propagated; authoritative complete counts Vis-Poly 384 S2C 378 P2R 381
N07,PASS,Paired controller analysis,COMPLETE,Corrected raw-row paired effects and completion discordance frozen; no universal controller winner
N08,PASS,Confirmatory statistics,COMPLETE,Wilcoxon plus Holm/BH plus exact completion tests and Friedman omnibus frozen
N09,PASS,Computational-cost analysis,COMPLETE,Controller microbenchmark and structural complexity frozen; wall-clock claim limited to common runner
N10,PASS_PAPER1_NO_ALGORITHM_CLAIM,Close C4 novelty gate,PAPER 1 GATE,prior art occupies generic adaptive/predictive/switching novelty; Paper 1 claims empirical regime/reproducibility findings only; joint failure-reset-cost candidate moved to future work
N11,CONDITIONAL,Novel method only if C4 passes,CONDITIONAL,algorithm specification + implementation
N12,CONDITIONAL,Novel-method evaluation,CONDITIONAL,baselines + ablation + robustness + cost
N13,PASS_CORPUS_FROZEN,Finish A01-A21 study extraction,PAPER 1 GATE,174 verified; 173 canonical; 171 retrieved and assessed; 165 direct eligible; 6 supporting; 2 not retrieved; 0 unassessed
N14,PASS_NUMERICAL_FREEZE,Complete contradiction/reproducibility/gap maps,PAPER 1 GATE,8 audited families frozen: 7 comparability-limited and 1 controlled regime effect; no corpus-wide prevalence overclaim
N15,PASS,Freeze references/reporting,PAPER 1 GATE,174 BibTeX entries; zero missing author fields; final corpus and reporting counts frozen
N16,PASS_WITH_SEARCH_PROVENANCE_LIMITATION,Freeze release artifacts,PAPER 1 GATE,submission handoff assembled; raw per-database discovery yields unavailable and not invented
N17,PASS_MANUSCRIPT_CONTENT,Manuscript writing,FINAL,Sections 1-11 substantive content complete; final numerical Abstract and contribution statements committed
A01-A21,PASS_FROZEN_LIBRARY,Broad VR evidence mining,REQUIRED,165 direct eligible reports plus 6 supporting/context reports frozen
REVIEW-PIPELINE,PASS_EVIDENCE_LIBRARY_FLOW,Formal systematic-review chain,REQUIRED,174 verified; 1 duplicate; 173 canonical; 171 assessed; 165 direct eligible; 6 supporting; 2 not retrieved
