claim_id,claim_area,original_or_risky_claim,literature_position,stage4_decision,paper_safe_claim,key_evidence
S4-C01,Review architecture,"Broad VR review is novel because it covers many domains","Broad VR reviews and domain-specific reviews already exist","RETAIN_REFRAME","Contribution is the 21-workstream evidence architecture coupled to explicit comparability and provenance obligations, not breadth alone","Liu2024RDWSurvey;Prinz2023Taxonomies;Biswas2024Cybersickness;Conrad2024IVRLearning"
S4-C02,Comparability,"The paper introduces the first framework for comparing VR evidence","Existing reviews already discuss heterogeneity, confounding, taxonomy and reporting quality","REMOVE_FIRST_CLAIM","The paper operationalizes a six-field semantic comparability rule across the frozen evidence library","Lawson2024Confounded;Karcher2025QualityMethods;Monteiro2021HandsFree"
S4-C03,Contradictions,"Most contradictions in VR are false","The corpus supports only eight pre-specified audited contradiction families","NARROW","Seven of eight audited contradiction families were comparability-limited; this is not a prevalence estimate for all VR literature","Table_contradiction_comparability_map_01;N14_FINAL_NUMERICAL_SYNTHESIS"
S4-C04,Reproducibility,"A six-level taxonomy is universally complete","Open-source/tooling and reporting literature shows multiple reproducibility failure modes but does not establish universal completeness","NARROW","The paper uses a six-level operational taxonomy to separate specification, artifact, execution, regeneration, semantic and independent-result failures","Thomsen2026OpenSourceVR;OnlineVR2026;Hosseinzadeh2026VRToolboxes"
S4-C05,RDW controller novelty,"New geometry-aware RDW controller/selector","Adaptive Redirection, SRC, F-RDW, APF-S2T, learned walkability, predictive reset and related methods occupy adaptive/predictive territory","REJECT","No new controller, selector or switching algorithm is claimed","Lee2024SRC;Jeon2025FRDW;Li2025WalkabilityEntropy;Li2025PredictiveReset;N10_FINAL_MANUSCRIPT_NOVELTY_DECISION"
S4-C06,RDW universal performance,"One tested controller is generally superior","Prior work and the controlled benchmark both indicate environment/context dependence","REJECT","No universal winner is supported; ordering changes across tested geometries","Hodgson2014Constrained;Messinger2019TrackingArea;Williams2021VisPoly;Stage3 regime-reversal audit"
S4-C07,RDW geometry effect,"Geometry affects controller performance","Prior literature motivates tracking-area/environment dependence; present benchmark supplies controlled within-benchmark evidence","RETAIN_WITH_POSITIONING","The novel empirical value is not the idea that geometry matters, but the paired failure-aware demonstration of ordering reversals under common simulation semantics","Hodgson2014Constrained;Messinger2019TrackingArea;Stage3 regime-reversal audit"
S4-C08,Failure-aware outcome,"Reset count alone ranks controllers","Completion failures make conditional reset burden alone insufficient","REPAIR","Report completion and reset burden conditional on paired completion as separate estimands; do not assign synthetic scores to failures","N07_completion_discordance;N08_confirmatory_pairwise_statistics"
S4-C09,Computational cost,"Measured controller timing proves real-time superiority","Microbenchmark excludes rendering, path planning, reset execution, I/O and device latency","NARROW","Timing quantifies relative controller-decision overhead in the common implementation/runner only","N09_COMPUTATIONAL_COST_PASS"
S4-C10,Human experience,"Lower simulated resets imply less cybersickness/better presence","Human experience depends on exposure, measurement, participant and perceptual conditions; no live-user validation is included","REJECT","No cybersickness, presence, comfort, detectability, preference or usability conclusion is drawn from the simulation","Biswas2024Cybersickness;MayorMarquez2025PerceptualMTRW;DeBack2025NaturalRedirected"
S4-C11,Education/health,"VR is generally more effective for learning/health","Reviews report promising outcomes with heterogeneity, confounding and transfer limitations","NARROW","Application claims remain task/population/outcome specific and distinguish in-VR performance from real-world transfer","Conrad2024IVRLearning;Tene2024MedicalEducationUmbrella;Lawson2024Confounded;Yamamoto2026VRRealWorldTransfer"
S4-C12,Presence/embodiment,"Presence and embodiment measures are interchangeable indicators of immersion","Foundational and recent evidence distinguishes constructs and instruments","REJECT","Presence, embodiment, agency and related measures are treated as non-interchangeable constructs","SlaterWilbur1997Immersion;Cummings2016ImmersionPresence;EmbodimentEEG2025"
S4-C13,Avatar realism,"More humanlike avatars are generally better","Customization, identity, animation and human likeness are distinct interventions","REJECT","Avatar effects are multidimensional and context-dependent","Ouhnni2025AvatarReview;HumanlikeAvatars2024"
S4-C14,Open tools,"Open-source availability establishes reproducibility","Tool availability does not ensure protocol standardization, execution or semantic equivalence","REJECT","Open tooling supports executability but is not sufficient evidence of reproducibility","Thomsen2026OpenSourceVR;OnlineVR2026;Hosseinzadeh2026VRToolboxes"
S4-C15,Security maturity,"Many authentication proposals imply mature VR security","Threat models, sensors and validation levels differ","NARROW","Proposal volume is separated from validated security effectiveness","Giaretta2025VRSecurity;Heruatmadja2023VRBiometricAuth"
S4-C16,Systematic-review status,"The study is fully reconstructible as a database-level PRISMA review","Raw per-database discovery yields were not preserved","NARROW","The frozen flow describes the registered curated evidence library; database-specific identification counts are not retrospectively reconstructed","N16_FINAL_RELEASE_FREEZE;PRISMA_FINAL_COUNTS"
