seed,scene_id,resets,distance_m,steps,status,resets_per_100m
121,R1-G01,100,21.595187223272827,540,reset_cap,463.06614046036805
121,R1-G02,50,36.69857628112577,892,complete,136.24506742980984
121,R1-G03,35,36.69857628112577,892,complete,95.37154720086689
121,R1-G04,26,36.69857628112577,892,complete,70.84743506350111
122,R1-G01,26,32.75537272421849,778,complete,79.3762910863666
122,R1-G02,17,32.75537272421849,778,complete,51.89988263339355
122,R1-G03,100,28.760084555784218,686,reset_cap,347.70412376930244
122,R1-G04,7,32.75537272421849,778,complete,21.370539907867933
123,R1-G01,8,31.07099480991405,857,complete,25.747485875307028
123,R1-G02,4,31.07099480991405,857,complete,12.873742937653514
123,R1-G03,21,31.07099480991405,857,complete,67.58715042268095
123,R1-G04,7,31.07099480991405,857,complete,22.52905014089365
124,R1-G01,30,28.409312102095875,732,complete,105.59917780545898
124,R1-G02,11,28.409312102095875,732,complete,38.719698528668296
124,R1-G03,9,28.409312102095875,732,complete,31.679753341637696
124,R1-G04,10,28.409312102095875,732,complete,35.199725935153
125,R1-G01,7,35.16222416007711,815,complete,19.907728157730535
125,R1-G02,78,35.16222416007711,815,complete,221.82897090042596
125,R1-G03,8,35.16222416007711,815,complete,22.751689323120612
125,R1-G04,14,35.16222416007711,815,complete,39.81545631546107
126,R1-G01,41,30.820336755578538,738,complete,133.02904613000027
126,R1-G02,14,30.820336755578538,738,complete,45.42455233707326
126,R1-G03,54,30.820336755578538,738,complete,175.208987585854
126,R1-G04,52,30.820336755578538,738,complete,168.71976582341497
127,R1-G01,12,28.173520076347465,804,complete,42.59318667841711
127,R1-G02,4,28.173520076347465,804,complete,14.197728892805705
127,R1-G03,7,28.173520076347465,804,complete,24.846025562409984
127,R1-G04,13,28.173520076347465,804,complete,46.14261890161854
128,R1-G01,29,31.30205159685029,833,complete,92.64568461358638
128,R1-G02,5,31.30205159685029,833,complete,15.973393898894203
128,R1-G03,26,31.30205159685029,833,complete,83.06164827424986
128,R1-G04,13,31.30205159685029,833,complete,41.53082413712493
129,R1-G01,9,37.259514851432044,951,complete,24.154903883978218
129,R1-G02,10,37.259514851432044,951,complete,26.83878209330913
129,R1-G03,21,37.259514851432044,951,complete,56.361442395949176
129,R1-G04,8,37.259514851432044,951,complete,21.471025674647304
130,R1-G01,43,33.647572246023145,839,complete,127.79525276175677
130,R1-G02,100,26.662171928557836,674,reset_cap,375.06321791020355
130,R1-G03,20,33.647572246023145,839,complete,59.43965244732873
130,R1-G04,16,33.647572246023145,839,complete,47.55172195786299
