parameter_id,category,parameter,value,unit,evidence_status,reproduction_use,notes
VP-SIM-001,timing,timestep,0.05,s,exact,use,"extracted from primary paper"
VP-SIM-002,motion,walking_speed,1.0,m/s,exact,use,"extracted from primary paper"
VP-SIM-003,motion,turn_speed,90,deg/s,exact,use,"extracted from primary paper"
VP-SIM-004,user,user_radius,0.5,m,exact,use,"published simulated user circle radius"
VP-SIM-005,reset,obstacle_clearance_beyond_user_radius,0.2,m,exact,use,"reset incurred within 0.2 m of any PE obstacle; with radius 0.5 m this implies 0.7 m center-to-obstacle boundary clearance"
VP-SIM-006,reset,center_to_obstacle_reset_threshold,0.7,m,derived_exact,use,"0.5 m user radius + 0.2 m obstacle clearance; consistent with ARC reset trigger"
VP-SIM-007,gain,min_rotation_gain,0.67,ratio,exact,use,"published Vis.-Poly gain bound"
VP-SIM-008,gain,max_rotation_gain,1.24,ratio,exact,use,"published Vis.-Poly gain bound"
VP-SIM-009,gain,min_translation_gain,0.86,ratio,exact,use,"published Vis.-Poly clamp"
VP-SIM-010,gain,max_translation_gain,1.26,ratio,exact,use,"published Vis.-Poly clamp"
VP-SIM-011,gain,max_curvature_radius,7.5,m,exact,use,"published Vis.-Poly rule"
VP-SIM-012,path,static_path_count,100,paths,exact,use,"primary static simulation count"
VP-SIM-013,path,static_average_path_length,350,m,approximate,comparison_context,"reported approximately; not a path-generator parameter"
VP-SIM-014,path,dynamic_path_count,100,paths,exact,hold,"dynamic phase later"
VP-SIM-015,path,dynamic_average_path_length,136,m,approximate,hold,"dynamic phase later"
VP-SIM-016,path,dynamic_generator,ORCA,,exact,hold,"dynamic phase later"
VP-SIM-017,environment,static_exact_geometry,published_supplement,,exact,use,"explicit coordinates available in supplementary material; registered in G03_VISPOLY_PUBLISHED_ENVIRONMENTS.csv"
VP-SIM-018,path,static_exact_path_instances_or_seeds,unresolved,,unavailable,do_not_invent,"paper reports generated paths and paired reuse across controllers but not exact path instances/seeds"
VP-SIM-019,path,static_path_model,Azmandian_et_al_motion_model,,exact_reference,reconstruct,"paper explicitly identifies path model; primary-source reconstruction required for R2"
VP-SIM-020,path,random_start_configuration,physical_and_virtual_position_and_heading,,exact,reconstruct,"random per path; identical configuration reused for each controller on a given path"
