controller_id,field,value,status,primary_source
LIT-RDW-005,eligible_physical_slice,"slice bisector offset < pi/2 from physical heading",verified,"Williams et al. 2021 Eq. 5"
LIT-RDW-005,slice_similarity,"argmin absolute difference between physical and active-virtual slice area",verified,"Williams et al. 2021 Eq. 6"
LIT-RDW-005,optimal_direction,"unit vector of matched physical slice bisector",verified,"Williams et al. 2021 Eq. 7"
LIT-RDW-005,min_rotation_gain,0.67,verified,"Williams et al. 2021 Eq. 8"
LIT-RDW-005,max_rotation_gain,1.24,verified,"Williams et al. 2021 Eq. 8"
LIT-RDW-005,rotation_rule,"min gain turning away; max gain turning toward optimal direction",verified,"Williams et al. 2021 Eq. 8"
LIT-RDW-005,max_curvature_radius_m,7.5,verified,"Williams et al. 2021 Eq. 9"
LIT-RDW-005,curvature_direction,"sign of signed angle from physical heading to optimal direction",verified,"Williams et al. 2021 Eq. 9"
LIT-RDW-005,translation_gain,"clamp(physical average slice length / virtual average slice length,0.86,1.26)",verified,"Williams et al. 2021 Eq. 10"
LIT-RDW-005,min_translation_gain,0.86,verified,"Williams et al. 2021 Eq. 10"
LIT-RDW-005,max_translation_gain,1.26,verified,"Williams et al. 2021 Eq. 10"
LIT-RDW-005,user_radius_m,0.5,verified,"Williams et al. 2021 Sec. 4.2"
LIT-RDW-005,reset_proximity_m,0.2,verified,"Williams et al. 2021 Sec. 4.2"
LIT-RDW-005,walking_speed_mps,1.0,verified,"Williams et al. 2021 Sec. 4.2"
LIT-RDW-005,turn_speed_deg_s,90,verified,"Williams et al. 2021 Sec. 4.2"
LIT-RDW-005,timestep_s,0.05,verified,"Williams et al. 2021 Sec. 4.2"
LIT-RDW-005,static_path_count,100,verified,"Williams et al. 2021 Sec. 4.3"
LIT-RDW-005,static_average_path_length_m,350,approx_reported,"Williams et al. 2021 Sec. 4.3"
LIT-RDW-005,dynamic_path_count,100,verified,"Williams et al. 2021 Sec. 4.3"
LIT-RDW-005,dynamic_average_path_length_m,136,verified,"Williams et al. 2021 Sec. 4.3"
LIT-RDW-005,reset_function,"same reset function as ARC",verified_dependency,"Williams et al. 2021 Sec. 4"
LIT-RDW-005,comparison_controllers,"ARC; APF; S2C",verified,"Williams et al. 2021 Sec. 4"
