seed_id,year,title,venue,review_type,scope,corpus_or_search_size,key_methodological_value,key_limit_for_our_project,doi_or_url,workstreams
SR001,2023,"A Systematic Review on the Visualization of Avatars and Agents in AR & VR displayed using Head-Mounted Displays","IEEE Transactions on Visualization and Computer Graphics","systematic review","avatar and agent visualization in HMD AR/VR","72 included papers","compares visible body parts, rendering styles, objective/subjective measures, and task domains","domain-specific and includes AR; does not provide field-wide algorithm/evidence/reproducibility map","10.1109/TVCG.2023.3247072","A10;A16"
SR002,2024,"Questionnaires for evaluating virtual reality: A systematic scoping review","Computers in Human Behavior Reports","systematic scoping review","VR evaluation questionnaires","4461 identified; 151 full text; 56 included","maps constructs and psychometric evidence; exposes measurement heterogeneity","questionnaire-focused rather than cross-method/algorithm evidence","10.1016/j.chbr.2024.100505","A08;A09;A16"
SR003,2025,"Security and privacy in virtual reality: a literature survey","Virtual Reality","literature survey/systematic-mapping-inspired","VR privacy, security, authentication and cybersecurity uses","125 final works reported","detailed threat/privacy taxonomy and authentication emphasis","not designed as a complete systematic field review; security/privacy only","10.1007/s10055-024-01079-9","A14"
SR004,2025,"Immersive virtual reality in higher education: a systematic review of the scientific literature","Virtual Reality","systematic review","immersive VR in higher education","291 collected; 50 full-text analysis","reports lack of standardized design, repeated comparative validation, and contradictory outcomes","education-specific; does not establish field-wide technical gaps","10.1007/s10055-025-01136-x","A19"
SR005,2024,"Confounded or Controlled? A Systematic Review of Media Comparison Studies Involving Immersive Virtual Reality for STEM Education","Educational Psychology Review","systematic review","controlled IVR media comparisons in STEM education","38 publications; comparisons coded across 15 categories","demonstrates need to audit comparison confounding; only 26% fully controlled on five criteria","STEM education-specific","10.1007/s10648-024-09908-8","A16;A19;A21"
SR006,2026,"Virtual reality research status: a scientometric analysis based on CNKI and WOS","Virtual Reality","scientometric analysis","macro-level VR research status and trends","4673 CNKI and 36450 WoS records; WoS period 2000-2024","large-scale field map useful for terminology, temporal trends, and corpus calibration","bibliometric/co-word structure cannot establish claim validity or algorithmic gaps","10.1007/s10055-026-01347-w","A01;A21"
SR007,2026,"Visual quality features in immersive virtual environments: a systematic review of their impact on user experience","Virtual Reality","systematic review","visual-quality features and user experience","see source during full extraction","decomposes visual quality into modelling, hardware/rendering, and motion/interaction","visual-quality-specific","10.1007/s10055-026-01433-z","A02;A16"
SR008,2025,"The Effectiveness of Immersive Virtual Reality-Based Treatment for Mental Disorders: A Systematic Review With Meta-Analysis","Acta Psychiatrica Scandinavica","systematic review and meta-analysis","immersive VR interventions for mental disorders","2443 records screened; final meta-analytic corpus to verify in full extraction","provides health-domain quantitative synthesis precedent","clinical-domain-specific and not a technical benchmark review","10.1111/acps.13777","A18"
SR009,2021,"A Review of Virtual Reality Studies on Autonomous Vehicle–Pedestrian Interaction","IEEE Transactions on Human-Machine Systems","systematic review","VR studies of AV-pedestrian interaction","31 empirical studies","example of systematic analysis of scenarios, behavioral factors, and evaluation measures","narrow application domain","10.1109/THMS.2021.3107517","A16;A20"
SR010,2026,"The aftereffects of virtual reality: a narrative review","Virtual Reality","narrative review","post-VR negative impacts including cybersickness and aftereffects","narrative corpus","extends human-factor scope beyond exposure-period cybersickness","not systematic enough to establish prevalence or completeness alone","10.1007/s10055-026-01373-8","A09"
