citation_key,paper,workstream,intended_use,verification_status
Azmandian2022SimulationValidation,P2,A05,"justify simulation evaluation and state validity boundary",VERIFIED
Liu2024RDWSurvey,P1;P2,A05,"RDW taxonomy, evaluation landscape, recent methods",VERIFIED
Li2022RDWReview,P1;P2,A05,"RDW taxonomy and research gaps",VERIFIED
Hodgson2014Constrained,P2,A05,"environment-dependent algorithm performance motivation",VERIFIED
Hirt2022Chaotic,P2,A05,"simulation sensitivity/revisiting motivation",VERIFIED
Prinz2023Taxonomies,P1,A05,"VR locomotion taxonomy synthesis",VERIFIED
Martinez2022Trends,P1,A05,"locomotion research-trend synthesis",VERIFIED
Paris2022LimitedSpace,P1;P2,A05,"effect of limited physical space",VERIFIED
Tseng2022DarkSide,P1,A08;A09,"ethical/perceptual manipulation context",VERIFIED
Williams2021VisPoly,P2,A05,"primary Vis.-Poly method and evaluation",VERIFIED
Williams2021ARC,P2,A05,"ARC reset primary method",VERIFIED
Azmandian2016NavMesh,P2,A05,"navigation-aware path design precedent",VERIFIED
Langbehn2017RoomScale,P1;P2,A05,"room-scale RDW and physical-space constraints",VERIFIED
Lutfallah2024Unknown,P1;P2,A05,"unknown-environment/exploration extension of RDW",VERIFIED
Ri2025Interaction,P1;P2,A05;A12,"multi-user interaction-aware RDW",VERIFIED
Lee2025SequentialCurvature,P1;P2,A05,"sequential curvature-gain threshold evidence",VERIFIED
Usoh1999Walking,P1,A05,"natural walking versus alternative locomotion foundation",VERIFIED
Ruddle2009WalkingInterface,P1,A05,"benefits of walking interfaces for VE navigation",VERIFIED
Slater2009PlaceIllusion,P1,A08,"presence/place-illusion theoretical context",VERIFIED
Steinicke2014LongTerm,P1,A01;A08,"long-term immersive-VR context",VERIFIED
MayorMarquez2025PerceptualMTRW,P1;P2,A05;A09,"presence/cybersickness evaluation of multi-technique RDW",VERIFIED
DeBack2025NaturalRedirected,P1;P2,A05;A08;A09,"human spatial performance/user-experience context for redirected versus natural walking",VERIFIED
Xu2024MultiUserSeparate,P1;P2,A05;A12,"multi-user RDW and separate-physical-space extension",VERIFIED
Lee2024MultisensoryAttractors,P1;P2,A05;A07,"multisensory intermittent reorientation evidence",VERIFIED
Cummings2016ImmersionPresence,P1,A08,"meta-analytic evidence linking immersive features and presence",VERIFIED
SlaterWilbur1997Immersion,P1,A01;A08,"foundational immersion/presence framework",VERIFIED
MilgramKishino1994Taxonomy,P1,A01,"mixed-reality continuum/taxonomy foundation",VERIFIED
Steuer1992Telepresence,P1,A01;A08,"virtual-reality/telepresence conceptual foundation",VERIFIED
Sutherland1968Ultimate,P1,A01;A02,"historical head-mounted-display foundation",VERIFIED
Zmuda2013FORCE,P1;P2,A05,"search/prediction-based constrained-environment RDW",VERIFIED
Hodgson2011SpatialInterference,P1;P2,A05;A08,"spatial-interference and memory boundary for redirected walking",VERIFIED
Messinger2019TrackingArea,P1;P2,A05,"tracking-area shape/size effects for APF-RDW and geometry-conditioned performance",VERIFIED
Lee2019S2OT,P1;P2,A05;A11,"deep-Q predictive steering comparator stratum",VERIFIED
Cha2018LSTMPath,P1;P2,A05;A11,"LSTM virtual-path prediction as predictive-RDW input",VERIFIED
Kennedy1993SSQ,P1,A09;A16,"simulator-sickness measurement foundation",VERIFIED
Usoh2000Presence,P1,A08;A16,"presence-questionnaire validity and interpretation",VERIFIED
Witmer1998Presence,P1,A08;A16,"Presence Questionnaire measurement foundation",VERIFIED
Schubert2001IPQ,P1,A08;A16,"presence factor structure and questionnaire evidence",VERIFIED
Boletsis2017Locomotion,P1,A05,"systematic locomotion-technique taxonomy",VERIFIED
Barraquand1992PotentialFields,P1;P2,A05,"artificial-potential-field methodological foundation for APF/P2R lineage",VERIFIED
Lee2024SRC,P1;P2,A05;A11,"dynamic strategy-switching comparator and adaptive-controller evidence",VERIFIED
Jeon2025FRDW,P1;P2,A05;A11,"future-position forecasting and predictive-controller stratum",VERIFIED
Croucher2024LoCoMoTe,P1,A05,"natural-locomotion classification framework",VERIFIED
Kim2024WIP,P1,A05,"locomotion technique evaluation and user-experience evidence",VERIFIED
Sensorimotor2025MR,P1,A04;A08,"interaction design constraints and presence/agency outcomes",VERIFIED
InteractionAware2026Telepresence,P1,A11;A12,"AI-assisted shared-scene synthesis and telepresence",VERIFIED
PredictiveVR2026Teleoperation,P1,A04;A11;A20,"predictive interaction and simulation-assisted teleoperation",VERIFIED
TowardMultiuser2023,P1;P2,A05;A12,"multiuser RDW experimentation and framework evidence",VERIFIED
Hung2026TeleportReorientation,P1;P2,A05,"hybrid teleportation-RDW and reset strategy",VERIFIED
Li2025WalkabilityEntropy,P1;P2,A05;A11,"DRL spatial walkability controller",VERIFIED
Li2025PredictiveReset,P1;P2,A05,"predictive reset based on virtual-real density",VERIFIED
Lee2025MultimodalReset,P1,A05;A07,"multimodal reset UI effectiveness",VERIFIED
Lee2026PortalReset,P1;P2,A05,"non-Euclidean portal reset alternative",VERIFIED
Hypki2026Adaptation,P1,A05;A08,"long-term sensorimotor adaptation under RDW",VERIFIED
