scene,controller_a,controller_b,n_complete_pairs,mean_a_minus_b,median_a_minus_b,sd_difference,bootstrap95_lo,bootstrap95_hi,a_lower_count,b_lower_count,ties
R1-G01,Vis-Poly,S2C,92,2.643270,2.665442,1.883684,2.258103,3.024935,6,84,2
R1-G01,Vis-Poly,P2R,92,1.394889,1.135430,1.804498,1.032827,1.760219,18,69,5
R1-G01,S2C,P2R,100,-1.272303,-1.134025,1.302360,-1.532149,-1.020839,78,13,9
R1-G02,Vis-Poly,S2C,96,0.680007,0.851497,1.687347,0.334160,1.011322,29,63,4
R1-G02,Vis-Poly,P2R,99,-0.180418,0.000000,1.985558,-0.575072,0.204192,46,46,7
R1-G02,S2C,P2R,97,-0.834205,-0.851153,2.019437,-1.230218,-0.433509,59,34,4
R1-G03,Vis-Poly,S2C,80,-1.004496,-0.980830,2.668916,-1.588426,-0.417245,53,25,2
R1-G03,Vis-Poly,P2R,76,-0.741675,-1.129148,2.646705,-1.344945,-0.136274,44,29,3
R1-G03,S2C,P2R,67,0.161816,0.000000,2.636762,-0.451925,0.787997,33,30,4
R1-G04,Vis-Poly,S2C,94,0.572369,0.558283,1.928851,0.190292,0.962806,35,54,5
R1-G04,Vis-Poly,P2R,99,-0.209762,-0.275391,1.925358,-0.591359,0.168383,50,40,9
R1-G04,S2C,P2R,95,-0.725521,-0.569098,2.026978,-1.133936,-0.324089,56,28,11
