family_id,family_name,member_citation_keys,family_type,counting_rule,notes
SF-001,RDW foundational redirection,"Razzaque2001RedirectedWalking;Steinicke2008Sensitivity;Steinicke2010DetectionThresholds",method_lineage,"count individual primary studies for historical development; do not treat review summaries as independent performance replications","Foundational redirection and perceptual-threshold lineage"
SF-002,Artificial-potential-field RDW,"Thomas2019P2R;Bachmann2019APF;Chen2024APFS2T;Hirt2024PredictiveMultiuser",method_lineage,"retain distinct algorithms/experiments; synthesize as shared APF lineage","Related by APF steering/reset mechanisms"
SF-003,Alignment/geometry-aware RDW,"Williams2021ARC;Williams2021VisibilityPolygons;Wang2024TransferableAlignment;Wang2026DGMRDW",method_lineage,"retain distinct primary studies; compare objectives and geometry assumptions","Alignment, visibility, environmental mapping"
SF-004,Adaptive/learned/predictive RDW,"Azmandian2022Adaptive;Lee2024SRC;Strauss2020RL;Li2025WalkabilityEntropy;Li2025PredictiveReset;Jeon2025FRDW",method_lineage,"retain distinct primary studies; treat as occupied adaptive/predictive novelty space","Directly relevant to N10 novelty gate"
SF-005,RDW reviews and taxonomies,"Nilsson2018FifteenYears;Li2022RDWReview;Fan2023RDWReview;Liu2024SpatialConstraints;Prinz2023Taxonomies;Martinez2022Trends;Boletsis2017Locomotion;Croucher2024LoCoMoTe",review_family,"use for landscape/taxonomy only; do not double-count their cited primary results as new empirical evidence","Secondary evidence family"
SF-006,Presence measurement,"Usoh2000Presence;Witmer1998Presence;Schubert2001IPQ;OjedaDeOcampo2026Presence;Bareisyte2024Questionnaires",measurement_family,"foundational instruments counted separately; review syntheses treated as secondary evidence","Presence/VR evaluation instrumentation"
SF-007,Cybersickness measurement/reviews,"Kennedy1993SSQ;Caserman2021Cybersickness;Biswas2024Cybersickness;Cossio2025Cybersickness;FernandezCanas2026CybersicknessInstruments;SimonVicente2024Cybersickness",measurement_review_family,"SSQ is foundational instrument; reviews synthesize rather than add primary-effect counts","Supports A09/A16/A21"
SF-008,Haptics review family,"Jacucci2024HapticsReview;Topliss2025ModularHaptics;Frisoli2024WearableHaptics;Shi2024HapticSensing;Azher2024HapticSurgery;Huang2025FluidHaptics",review_family,"synthesize by haptic modality/application; avoid treating overlapping source papers as independent corpus additions","A06 family"
SF-009,Spatial-audio review family,"Almeida2024SpatialAudio;SpatialAudio2026CVR",review_family,"use for taxonomy/reporting gaps; primary audio studies counted separately if admitted later","A07 family"
SF-010,Open-source/reproducibility toolkits,"Thomsen2026OpenSourceVR;OnlineVR2026;Azmandian2016RDWToolkit",toolkit_reproducibility_family,"toolkits are software/reproducibility evidence, not effect-size evidence","A17 family"
