controller,scene_id,n_total,n_complete,n_incomplete,completion_rate,mean_resets_per_100m_complete,sd_complete,median_complete
Vis-Poly,R1-G01,100,92,8,0.92,13.580956255775527,1.4339676207554932,13.646971019148712
Vis-Poly,R1-G02,100,99,1,0.99,17.93965262053995,1.2871174370950749,17.9960232679511
Vis-Poly,R1-G03,100,94,6,0.94,24.022423552940836,1.8730650035183252,23.982914177683725
Vis-Poly,R1-G04,100,99,1,0.99,20.5771167075727,1.4424989913807822,20.601857723809182
S2C,R1-G01,100,100,0,1.0,10.89518257366177,1.0808070377214922,10.828282786945453
S2C,R1-G02,100,97,3,0.97,17.27471631926557,1.3107861467103599,17.26560350686457
S2C,R1-G03,100,86,14,0.86,25.020927583373037,1.761491778777123,24.558896114189512
S2C,R1-G04,100,95,5,0.95,20.07080425468073,1.4126784151599934,20.21387918928897
P2R,R1-G01,100,100,0,1.0,12.167485252054371,0.9814204923456806,12.269796123206525
P2R,R1-G02,100,100,0,1.0,18.113592812767536,1.5843756343139088,18.044202161568585
P2R,R1-G03,100,81,19,0.81,24.625613555083866,1.9048440539364861,24.40872388970648
P2R,R1-G04,100,100,0,1.0,20.79610891884436,1.3637577240832108,20.862290960488615
