candidate_id,technical_family,observed_problem,evidence_needed,minimum_baselines,possible_benchmark,major_risk,current_level,next_gate
TC001,Cybersickness prediction,"Prediction studies use heterogeneous signals, exposure protocols and sickness labels; cross-dataset/device generalization may be weak","verify closest 2023-2026 predictors; map public datasets and cross-device tests",">=3 representative predictors","leave-one-dataset/device-out prediction","label/instrument incompatibility","C1","establish common outcome and public data"
TC002,Cybersickness mitigation,"Mitigation methods trade sickness against field of view, presence, task performance or visual quality","map dynamic FOV, rest-frame, locomotion and adaptive mitigation baselines",">=3 mitigation families","multi-objective controlled simulation/user benchmark","human-subject requirement and incompatible interventions","C1","identify reproducible non-human proxy plus validated human outcomes"
TC003,Redirected walking,"Algorithms optimize resets, path deviation, collisions or perceptual detectability under differing spaces and user models","verify canonical and recent controllers plus standard simulators","canonical heuristic + optimization/learning baselines","common physical-space/virtual-path simulation suite","simulator assumptions may dominate results","C1","freeze scenario suite and metrics"
TC004,Foveated rendering,"Methods trade perceptual quality, GPU cost, latency and gaze prediction under differing hardware","map rendering families and open implementations/datasets",">=3 rendering/prediction baselines","common gaze traces/scenes with quality-performance metrics","hardware dependence and proprietary pipelines","C1","find open reproducible stack"
TC005,Tracking/pose,"VR tracking methods differ by sensor modality and target, making naive accuracy ranking invalid","partition eye, hand, body and inside-out tracking before comparison","within-modality baselines","dataset-specific benchmark per modality","fragmented datasets/hardware","C0","identify one modality with open data and unresolved generalization"
TC006,Motion prediction/latency,"Prediction reduces motion-to-photon/network effects but horizon and motion distributions differ","map predictors by horizon/input modality and deployment setting","linear/constant-velocity + learned predictors","common trajectory traces and horizon sweep","end-to-end latency often not reported","C1","find public traces and comparable horizons"
TC007,VR streaming/edge,"Quality-latency-bandwidth trade-offs are optimized with different viewport prediction and network assumptions","map viewport prediction, tile allocation and edge scheduling methods","heuristic + optimization + learning baselines","trace-driven network/viewport simulation","datasets and codecs may be non-comparable","C1","identify open traces and standard QoE metrics"
TC008,Privacy/security,"Threat models and authentication methods often use different attacker knowledge, biometrics and devices","separate attack, defense and authentication benchmarks","within-threat-model baselines","public motion/gaze/behavior datasets where ethical and available","privacy datasets may be restricted","C0","map threat models before algorithms"
TC009,Adaptive AI-VR,"Adaptive systems optimize different user-state proxies and objectives; reproducibility may be limited","map state variables, actions, objectives and adaptation policies","rule-based + optimization/RL baselines if compatible","simulation plus controlled user evaluation","reward definitions may encode incomparable goals","C0","establish recurring control formulation"
